Name,Category,Ethnicity,Calories,PrepTime,CookTime,Servings,Ingredients,IngredientCategory,ImageURL,Notes
Avocado Toast with Poached Egg,Breakfast,American,320,5 min,10 min,1,"2 slices whole grain bread|1 ripe avocado|2 eggs|1 tbsp white vinegar|Salt and pepper|Red pepper flakes|1 tbsp sesame seeds|Fresh herbs",Bread/Produce/Protein/Condiment/Seasoning/Condiment/Seasoning/Garnish,https://www.unsplash.com/photos/JhAFU01FUAE/download?w=800,Use sourdough for extra flavor. Poach eggs in simmering water with a splash of vinegar for best shape.
Fluffy Scrambled Eggs with Chives,Breakfast,American,210,3 min,5 min,1,"3 large eggs|1 tbsp butter|2 tbsp whole milk|2 tbsp fresh chives|Salt and white pepper",Protein/Fat/Dairy/Herb/Seasoning,,Perfect scrambled eggs are low and slow. Remove from heat while still slightly wet — carryover cooking finishes them.
Overnight Oats with Berries,Breakfast,American,295,5 min,0 min,1,"1/2 cup rolled oats|1/2 cup Greek yogurt|1/2 cup almond milk|1 tbsp chia seeds|1 tbsp honey|1/2 cup mixed berries|1/4 tsp vanilla",Grains/Protein/Dairy/Superfood/Condiment/Fruit/Flavoring,,Make the night before. Add more milk in the morning if too thick.
Greek Yogurt Parfait,Breakfast,Mediterranean,245,3 min,0 min,1,"1 cup Greek yogurt|1/2 cup granola|1/2 cup mixed berries|1 tbsp honey|1 tbsp sliced almonds",Dairy/Grains/Fruit/Condiment/Nuts,,Layer in a glass for presentation. Works best with thick Greek-style yogurt.
Banana Oat Pancakes,Breakfast,American,340,5 min,10 min,2,"2 ripe bananas|2 eggs|1 cup rolled oats|1/4 cup almond milk|1 tsp baking powder|1/2 tsp cinnamon|1 tbsp maple syrup|Butter for cooking",Fruit/Protein/Grains/Dairy/Leavening/Spice/Condiment/Fat,,Blend oats first for smoother batter. Flip when bubbles appear on surface.
Acai Smoothie Bowl,Breakfast,Brazilian,285,5 min,0 min,1,"2 frozen acai packets|1 frozen banana|1/2 cup frozen berries|1/4 cup almond milk|1/4 cup granola|1/2 banana sliced|1 tbsp coconut flakes|1 tbsp chia seeds",Superfood/Fruit/Fruit/Dairy/Grains/Fruit/Coconut/Superfood,,Blend should be THICKER than a smoothie. Pour into a wide chilled bowl.
Spinach and Feta Omelette,Breakfast,Mediterranean,330,5 min,8 min,1,"3 large eggs|1 cup spinach|1/4 cup feta cheese|2 tbsp water|1 tbsp olive oil|2 cherry tomatoes|Fresh dill",Protein/Vegetable/Cheese/Liquid/Fat/Vegetable/Herb,,Fold in half when top is still slightly wet — residual heat finishes cooking.
Blueberry Lemon Muffins,Breakfast,American,195,10 min,20 min,12,"2 cups flour|3/4 cup sugar|1/2 tsp salt|2 tsp baking powder|1/3 cup oil|1 egg|2/3 cup milk|1 tsp vanilla|Zest of 1 lemon|1 cup blueberries",Grains/Condiment/Seasoning/Leavening/Fat/Protein/Dairy/Flavoring/Citrus/Fruit,,Mix wet and dry separately, then fold together. Gently fold in berries — don't overmix.
Grilled Chicken Caesar Salad,Lunch,American,420,10 min,12 min,1,"1 chicken breast|4 cups romaine|2 tbsp Caesar dressing|2 tbsp parmesan|1/2 cup croutons|Garlic powder|Salt and pepper|Lemon wedge",Protein/Vegetable/Condiment/Cheese/Grains/Seasoning/Seasoning/Citrus,,Let chicken rest 5 min before slicing — juices redistribute for moister meat.
Turkey Avocado Wrap,Lunch,American,485,8 min,0 min,1,"1 large tortilla|4 oz turkey breast|1/2 avocado|2 leaves romaine|2 slices tomato|1 tbsp hummus|1 tbsp cream cheese|Salt and pepper",Grains/Protein/Fat/Vegetable/Fruit/Condiment/Condiment/Seasoning,,Roll tightly away from you for a clean wrap. Cut diagonally to show layers.
Buddha Bowl,Lunch,Asian,380,10 min,15 min,1,"1 cup quinoa|1 cup chickpeas|1 cup roasted sweet potato|2 cups mixed greens|1/4 cup tahini|2 tbsp lemon juice|1 tbsp olive oil|Garlic clove",Grains/Protein/Vegetable/Vegetable/Condiment/Citrus/Fat/Seasoning,,Roast sweet potato at 400F for 20 min. Whisk tahini, lemon, garlic for dressing.
Chicken Shawarma Bowl,Lunch,Middle Eastern,445,10 min,20 min,1,"1 chicken thigh|1 tsp cumin|1 tsp paprika|1/2 tsp turmeric|1 cup hummus|1 cup rice|1/2 cucumber|1/4 cup tahini|Lemon",Protein/Spice/Spice/Spice/Condiment/Grains/Vegetable/Condiment/Citrus,,Marinate chicken in spices + yogurt for 2 hrs or overnight for best flavor.
Beef Tacos,Lunch,Mexican,490,8 min,12 min,4,"1 lb ground beef|1 tbsp cumin|1 tbsp chili powder|8 corn tortillas|1 cup shredded lettuce|1/2 cup salsa|1/2 cup cheese|1 avocado",Protein/Spice/Spice/Grains/Vegetable/Condiment/Cheese/Fat,,Toast tortillas in dry skillet for 30 sec per side for structural integrity.
Chicken Fajitas,Lunch,Mexican,415,8 min,15 min,2,"2 chicken breasts|1 bell pepper|1 onion|2 tbsp fajita seasoning|8 flour tortillas|Lime|1/2 cup sour cream|Salt",Protein/Vegetable/Vegetable/Spice/Grains/Citrus/Dairy/Seasoning,,Sear chicken on high heat, rest, then slice thin against the grain.
Pad Thai,Snack,Thai,520,10 min,15 min,2,"8 oz rice noodles|2 eggs|1 cup bean sprouts|3 green onions|1/2 cup peanuts|2 tbsp fish sauce|1 tbsp tamarind paste|2 tbsp brown sugar|Lime",Grains/Protein/Vegetable/Herb/Nuts/Condiment/Condiment/Condiment/Citrus,,Keep wok smoking hot. Cook eggs first, push aside, add noodles and sauce.
Fried Rice,Snack,Asian,380,5 min,10 min,2,"3 cups day-old rice|2 eggs|1 cup frozen peas and carrots|3 green onions|2 tbsp soy sauce|1 tbsp sesame oil|1/2 cup corn|Garlic",Grains/Protein/Vegetable/Herb/Condiment/Condiment/Vegetable/Seasoning,,Use cold day-old rice — fresh rice gets mushy. High heat, don't stir too much.
Cheeseburger,Snack,American,650,5 min,10 min,1,"1 beef patty|1 brioche bun|2 slices cheddar|1 lettuce leaf|2 tomato slices|1 tbsp ketchup|1 tbsp mustard|1 tbsp mayo",Protein/Grains/Cheese/Vegetable/Fruit/Condiment/Condiment/Condiment,,Press patty thin — it shrinks. Only flip once.
Tofu Stir Fry,Snack,Asian,290,5 min,15 min,2,"14 oz firm tofu|2 cups broccoli|1 cup bell pepper|2 tbsp soy sauce|1 tbsp sesame oil|1 tbsp cornstarch|3 garlic cloves|1 inch ginger",Protein/Vegetable/Vegetable/Condiment/Fat/Starch/Seasoning/Seasoning,,Press tofu 30 min before cooking for better browning. High heat, don't crowd pan.
Caprese Sandwich,Snack,Italian,480,5 min,0 min,1,"1 baguette|4 oz mozzarella|2 large tomatoes|1/4 cup basil|2 tbsp balsamic glaze|1 tbsp olive oil|Salt and pepper",Grains/Cheese/Fruit/Herb/Condiment/Fat/Seasoning,,Layer cheese and tomato, season, drizzle oil and balsamic last.
Shakshuka,Dinner,Middle Eastern,310,5 min,20 min,2,"4 eggs|1 can diced tomatoes|1 onion|2 garlic cloves|1 tsp cumin|1 tsp paprika|1/4 cup feta|2 tbsp olive oil|Fresh parsley",Protein/Vegetable/Canned/Garnish/Citrus/Condiment/Fat/Grains/Seasoning/Vegetable,,Make sauce first, then nest eggs in. Cover and simmer until whites are set.
Salmon with Asparagus,Dinner,American,485,5 min,20 min,2,"2 salmon fillets|1 bunch asparagus|2 tbsp olive oil|2 garlic cloves|1 lemon|1 tsp dill|2 tbsp butter|Salt and pepper",Protein/Vegetable/Fat/Seasoning/Citrus/Herb/Fat/Seasoning,,Roast salmon at 400F for 12-15 min. Don't overcook — it continues cooking while resting.
Butter Chicken,Dinner,Indian,590,10 min,30 min,4,"1.5 lbs chicken thighs|1 cup yogurt|2 tbsp garam masala|1 can tomato sauce|1 cup heavy cream|3 garlic cloves|2 inch ginger|2 tbsp butter|1 tbsp cornstarch",Protein/Dairy/Spice/Canned/Dairy/Seasoning/Seasoning/Fat/Starch,,Marinate chicken overnight in yogurt + spices. Brown chicken first, then simmer sauce.
Spaghetti Bolognese,Dinner,Italian,720,10 min,45 min,4,"1 lb ground beef|1 onion|3 garlic cloves|1 can crushed tomatoes|1 cup red wine|8 oz spaghetti|1 carrot|1 celery stalk|1/4 cup parmesan",Protein/Vegetable/Seasoning/Canned/Condiment/Grains/Vegetable/Vegetable/Cheese,,Add wine to deglaze pan. Simmer sauce 30 min minimum for deep flavor.
Chicken Fried Rice,Dinner,Asian,520,8 min,15 min,3,"3 cups day-old rice|2 chicken breasts|3 eggs|1 cup frozen peas|3 green onions|2 tbsp soy sauce|1 tbsp sesame oil|1 cup corn",Grains/Protein/Protein/Vegetable/Herb/Condiment/Condiment/Vegetable,,Cold rice is essential. Stir-fry chicken first, then eggs, then rice on highest heat.
Beef Burrito Bowl,Dinner,Mexican,640,10 min,25 min,2,"1 cup rice|1 lb ground beef|1 can black beans|1 cup corn|1 cup salsa|1/2 cup cheese|1 avocado|1 lime|2 tbsp cilantro",Grains/Protein/Canned/Vegetable/Condiment/Cheese/Fat/Citrus/Herb,,Season beef with cumin, chili powder, garlic. Layer everything in bowl for visual appeal.
Miso Glazed Salmon,Dinner,Japanese,420,5 min,15 min,2,"2 salmon fillets|2 tbsp white miso|1 tbsp mirin|1 tbsp sake|1 tsp sugar|2 green onions|1 tsp sesame seeds",Protein/Condiment/Condiment/Condiment/Condiment/Herb/Garnish,,Marinate 30 min in miso mixture. Broil on high 5-7 min until caramelized.
Greek Salad,Dinner,Mediterranean,280,8 min,0 min,2,"2 cups cucumber|1 cup cherry tomatoes|1/2 red onion|1/2 cup feta|1/4 cup kalamata olives|2 tbsp olive oil|1 tsp oregano|Salt and pepper",Vegetable/Fruit/Allium/Cheese/Condiment/Fat/Seasoning/Seasoning,,Cut vegetables large and chunky. Feta goes on top whole, crumble when eating.
